{"v":"4.8.0","meta":{"g":"LottieFiles AE ","a":"","k":"","d":"","tc":""},"fr":60,"ip":0,"op":311,"w":1000,"h":1000,"nm":"83 - Mobile Calculator","ddd":0,"assets":[],"layers":[{"ddd":0,"ind":1,"ty":3,"nm":"Trigger","sr":1,"ks":{"o":{"a":0,"k":0,"ix":11},"r":{"a":0,"k":0,"ix":10},"p":{"a":0,"k":[500,500,0],"ix":2},"a":{"a":0,"k":[0,0,0],"ix":1},"s":{"a":0,"k":[100,100,100],"ix":6}},"ao":0,"ip":0,"op":600,"st":0,"bm":0},{"ddd":0,"ind":2,"ty":3,"nm":"Out Animation","sr":1,"ks":{"o":{"a":0,"k":0,"ix":11},"r":{"a":1,"k":[{"i":{"x":[0.667],"y":[1]},"o":{"x":[0.167],"y":[0]},"t":0,"s":[0]},{"i":{"x":[0],"y":[1]},"o":{"x":[0.345],"y":[0]},"t":240,"s":[0]},{"i":{"x":[0.667],"y":[1]},"o":{"x":[1],"y":[0]},"t":260,"s":[5]},{"t":300,"s":[-25]}],"ix":10},"p":{"a":0,"k":[500,500,0],"ix":2},"a":{"a":0,"k":[50,50,0],"ix":1},"s":{"a":1,"k":[{"i":{"x":[0,0,0.667],"y":[1,1,1]},"o":{"x":[0.345,0.345,0.333],"y":[0,0,0]},"t":240,"s":[100,100,100]},{"i":{"x":[0.667,0.667,0.667],"y":[1,1,1]},"o":{"x":[1,1,0.333],"y":[0,0,0]},"t":260,"s":[110,110,100]},{"t":300,"s":[0,0,100]}],"ix":6}},"ao":0,"ip":0,"op":600,"st":0,"bm":0},{"ddd":0,"ind":3,"ty":4,"nm":"Layer 2 Outlines","parent":2,"sr":1,"ks":{"o":{"a":0,"k":100,"ix":11},"r":{"a":1,"k":[{"i":{"x":[0.293],"y":[1]},"o":{"x":[0.616],"y":[0]},"t":60,"s":[30]},{"t":100,"s":[0]}],"ix":10},"p":{"a":0,"k":[4.754,405.912,0],"ix":2},"a":{"a":0,"k":[454.754,855.912,0],"ix":1},"s":{"a":1,"k":[{"i":{"x":[0.321,0.321,0.667],"y":[1,1,1]},"o":{"x":[0.63,0.63,0.333],"y":[0,0,0]},"t":60,"s":[0,0,100]},{"i":{"x":[0.336,0.336,0.667],"y":[1,1,1]},"o":{"x":[0.68,0.68,0.333],"y":[0,0,0]},"t":100,"s":[103,103,100]},{"t":120,"s":[100,100,100]}],"ix":6}},"ao":0,"shapes":[{"ty":"gr","it":[{"ind":0,"ty":"sh","ix":1,"ks":{"a":0,"k":{"i":[[0,0],[0,0],[0,0]],"o":[[0,0],[0,0],[0,0]],"v":[[-13.787,86.165],[-120.169,86.165],[-120.169,-8.261]],"c":true},"ix":2},"nm":"Path 1","mn":"ADBE Vector Shape - Group","hd":false},{"ind":1,"ty":"sh","ix":2,"ks":{"a":0,"k":{"i":[[3.757,3.316],[0,0],[2.91,0],[1.593,-0.719],[0,-4.761],[0,0],[-6.649,0],[0,0],[-1.777,4.667]],"o":[[0,0],[-2.246,-2],[-1.674,0],[-4.337,1.939],[0,0],[0,6.667],[0,0],[5.004,0],[1.79,-4.695]],"v":[[193.112,155.893],[-178.105,-173.923],[-186.117,-176.977],[-191.059,-175.895],[-198.17,-164.891],[-198.17,164.893],[-186.117,176.978],[185.117,176.978],[196.38,169.192]],"c":true},"ix":2},"nm":"Path 2","mn":"ADBE Vector Shape - Group","hd":false},{"ty":"mm","mm":1,"nm":"Merge Paths 1","mn":"ADBE Vector Filter - Merge","hd":false},{"ty":"fl","c":{"a":0,"k":[1,0.717999985639,0,1],"ix":4},"o":{"a":0,"k":100,"ix":5},"r":1,"bm":0,"nm":"Fill 1","mn":"ADBE Vector Graphic - Fill","hd":false},{"ty":"tr","p":{"a":0,"k":[652.924,678.934],"ix":2},"a":{"a":0,"k":[0,0],"ix":1},"s":{"a":0,"k":[100,100],"ix":3},"r":{"a":0,"k":0,"ix":6},"o":{"a":0,"k":100,"ix":7},"sk":{"a":0,"k":0,"ix":4},"sa":{"a":0,"k":0,"ix":5},"nm":"Transform"}],"nm":"Group 1","np":4,"cix":2,"bm":0,"ix":1,"mn":"ADBE Vector Group","hd":false}],"ip":60,"op":660,"st":60,"bm":0},{"ddd":0,"ind":4,"ty":4,"nm":"Layer 3 Outlines","parent":2,"sr":1,"ks":{"o":{"a":0,"k":100,"ix":11},"r":{"a":0,"k":0,"ix":10},"p":{"a":1,"k":[{"i":{"x":0.297,"y":1},"o":{"x":0.641,"y":0},"t":30,"s":[-90.789,376.656,0],"to":[0,-83.333,0],"ti":[0,83.333,0]},{"t":80,"s":[-90.789,-123.344,0]}],"ix":2},"a":{"a":0,"k":[359.211,326.656,0],"ix":1},"s":{"a":0,"k":[100,100,100],"ix":6}},"ao":0,"hasMask":true,"masksProperties":[{"inv":false,"mode":"a","pt":{"a":1,"k":[{"i":{"x":0.297,"y":1},"o":{"x":0.641,"y":0},"t":30,"s":[{"i":[[0,0],[0,0],[0,0],[0,0]],"o":[[0,0],[0,0],[0,0],[0,0]],"v":[[1292,-626],[-212,-626],[-212,222],[1292,222]],"c":true}]},{"t":80,"s":[{"i":[[0,0],[0,0],[0,0],[0,0]],"o":[[0,0],[0,0],[0,0],[0,0]],"v":[[1292,-126],[-212,-126],[-212,722],[1292,722]],"c":true}]}],"ix":1},"o":{"a":0,"k":100,"ix":3},"x":{"a":0,"k":0,"ix":4},"nm":"Mask 1"}],"shapes":[{"ty":"gr","it":[{"ind":0,"ty":"sh","ix":1,"ks":{"a":0,"k":{"i":[[0,0],[0,0],[0,0],[0,0]],"o":[[0,0],[0,0],[0,0],[0,0]],"v":[[-94.901,47.016],[94.901,47.016],[94.901,-47.015],[-94.901,-47.015]],"c":true},"ix":2},"nm":"Path 1","mn":"ADBE Vector Shape - Group","hd":false},{"ind":1,"ty":"sh","ix":2,"ks":{"a":0,"k":{"i":[[2.004,0],[0,0],[0,1.971],[0,0],[-1.984,0],[0,0],[0,-1.971],[0,0]],"o":[[0,0],[-1.984,0],[0,0],[0,-1.971],[0,0],[2.004,0],[0,0],[0,1.971]],"v":[[98.514,54.24],[-98.514,54.24],[-102.127,50.629],[-102.127,-50.627],[-98.514,-54.24],[98.514,-54.24],[102.127,-50.627],[102.127,50.629]],"c":true},"ix":2},"nm":"Path 2","mn":"ADBE Vector Shape - Group","hd":false},{"ty":"mm","mm":1,"nm":"Merge Paths 1","mn":"ADBE Vector Filter - Merge","hd":false},{"ty":"fl","c":{"a":0,"k":[1,1,1,1],"ix":4},"o":{"a":0,"k":100,"ix":5},"r":1,"bm":0,"nm":"Fill 1","mn":"ADBE Vector Graphic - Fill","hd":false},{"ty":"tr","p":{"a":0,"k":[359.211,326.656],"ix":2},"a":{"a":0,"k":[0,0],"ix":1},"s":{"a":0,"k":[100,100],"ix":3},"r":{"a":0,"k":0,"ix":6},"o":{"a":0,"k":100,"ix":7},"sk":{"a":0,"k":0,"ix":4},"sa":{"a":0,"k":0,"ix":5},"nm":"Transform"}],"nm":"Group 1","np":4,"cix":2,"bm":0,"ix":1,"mn":"ADBE Vector Group","hd":false},{"ty":"gr","it":[{"ind":0,"ty":"sh","ix":1,"ks":{"a":0,"k":{"i":[[0,0],[0,0],[0,0],[0,0]],"o":[[0,0],[0,0],[0,0],[0,0]],"v":[[98.514,50.628],[-98.514,50.628],[-98.514,-50.628],[98.514,-50.628]],"c":true},"ix":2},"nm":"Path 1","mn":"ADBE Vector Shape - Group","hd":false},{"ty":"fl","c":{"a":0,"k":[1,1,1,1],"ix":4},"o":{"a":0,"k":100,"ix":5},"r":1,"bm":0,"nm":"Fill 1","mn":"ADBE Vector Graphic - Fill","hd":false},{"ty":"tr","p":{"a":0,"k":[359.211,326.657],"ix":2},"a":{"a":0,"k":[0,0],"ix":1},"s":{"a":0,"k":[100,100],"ix":3},"r":{"a":0,"k":0,"ix":6},"o":{"a":0,"k":100,"ix":7},"sk":{"a":0,"k":0,"ix":4},"sa":{"a":0,"k":0,"ix":5},"nm":"Transform"}],"nm":"Group 2","np":2,"cix":2,"bm":0,"ix":2,"mn":"ADBE Vector Group","hd":false}],"ip":30,"op":630,"st":30,"bm":0},{"ddd":0,"ind":5,"ty":4,"nm":"Layer 4 Outlines","parent":21,"sr":1,"ks":{"o":{"a":0,"k":100,"ix":11},"r":{"a":0,"k":0,"ix":10},"p":{"a":0,"k":[380.03,585.724,0],"ix":2},"a":{"a":0,"k":[380.03,585.724,0],"ix":1},"s":{"a":1,"k":[{"i":{"x":[0.321,0.321,0.667],"y":[1,1,1]},"o":{"x":[0.63,0.63,0.333],"y":[0,0,0]},"t":110,"s":[0,0,100]},{"i":{"x":[0.336,0.336,0.667],"y":[1,1,1]},"o":{"x":[0.68,0.68,0.333],"y":[0,0,0]},"t":160,"s":[103,103,100]},{"t":180,"s":[100,100,100]}],"ix":6}},"ao":0,"shapes":[{"ty":"gr","it":[{"ind":0,"ty":"sh","ix":1,"ks":{"a":0,"k":{"i":[[0,0],[0,0],[0,0],[0,0]],"o":[[0,0],[0,0],[0,0],[0,0]],"v":[[-14.46,14.469],[14.457,14.469],[14.457,-14.465],[-14.46,-14.465]],"c":true},"ix":2},"nm":"Path 1","mn":"ADBE Vector Shape - Group","hd":false},{"ind":1,"ty":"sh","ix":2,"ks":{"a":0,"k":{"i":[[2.008,0],[0,0],[0,1.999],[0,0],[-1.984,0],[0,0],[0,-2.003],[0,0]],"o":[[0,0],[-1.984,0],[0,0],[0,-2.003],[0,0],[2.008,0],[0,0],[0,1.999]],"v":[[18.067,21.696],[-18.093,21.696],[-21.701,18.083],[-21.701,-18.078],[-18.093,-21.695],[18.067,-21.695],[21.701,-18.078],[21.701,18.083]],"c":true},"ix":2},"nm":"Path 2","mn":"ADBE Vector Shape - Group","hd":false},{"ty":"mm","mm":1,"nm":"Merge Paths 1","mn":"ADBE Vector Filter - Merge","hd":false},{"ty":"fl","c":{"a":0,"k":[1,1,1,1],"ix":4},"o":{"a":0,"k":100,"ix":5},"r":1,"bm":0,"nm":"Fill 1","mn":"ADBE Vector Graphic - Fill","hd":false},{"ty":"tr","p":{"a":0,"k":[380.03,585.724],"ix":2},"a":{"a":0,"k":[0,0],"ix":1},"s":{"a":0,"k":[100,100],"ix":3},"r":{"a":0,"k":0,"ix":6},"o":{"a":0,"k":100,"ix":7},"sk":{"a":0,"k":0,"ix":4},"sa":{"a":0,"k":0,"ix":5},"nm":"Transform"}],"nm":"Group 1","np":4,"cix":2,"bm":0,"ix":1,"mn":"ADBE Vector Group","hd":false},{"ty":"gr","it":[{"ind":0,"ty":"sh","ix":1,"ks":{"a":0,"k":{"i":[[0,0],[0,0],[0,0],[0,0]],"o":[[0,0],[0,0],[0,0],[0,0]],"v":[[18.08,18.081],[-18.08,18.081],[-18.08,-18.081],[18.08,-18.081]],"c":true},"ix":2},"nm":"Path 1","mn":"ADBE Vector Shape - Group","hd":false},{"ty":"fl","c":{"a":0,"k":[1,1,1,1],"ix":4},"o":{"a":0,"k":100,"ix":5},"r":1,"bm":0,"nm":"Fill 1","mn":"ADBE Vector Graphic - Fill","hd":false},{"ty":"tr","p":{"a":0,"k":[380.017,585.727],"ix":2},"a":{"a":0,"k":[0,0],"ix":1},"s":{"a":0,"k":[100,100],"ix":3},"r":{"a":0,"k":0,"ix":6},"o":{"a":0,"k":100,"ix":7},"sk":{"a":0,"k":0,"ix":4},"sa":{"a":0,"k":0,"ix":5},"nm":"Transform"}],"nm":"Group 2","np":2,"cix":2,"bm":0,"ix":2,"mn":"ADBE Vector Group","hd":false}],"ip":40,"op":640,"st":40,"bm":0},{"ddd":0,"ind":6,"ty":4,"nm":"Layer 5 Outlines","parent":21,"sr":1,"ks":{"o":{"a":0,"k":100,"ix":11},"r":{"a":0,"k":0,"ix":10},"p":{"a":0,"k":[329.407,585.724,0],"ix":2},"a":{"a":0,"k":[329.407,585.724,0],"ix":1},"s":{"a":1,"k":[{"i":{"x":[0.321,0.321,0.667],"y":[1,1,1]},"o":{"x":[0.63,0.63,0.333],"y":[0,0,0]},"t":105,"s":[0,0,100]},{"i":{"x":[0.336,0.336,0.667],"y":[1,1,1]},"o":{"x":[0.68,0.68,0.333],"y":[0,0,0]},"t":155,"s":[103,103,100]},{"t":175,"s":[100,100,100]}],"ix":6}},"ao":0,"shapes":[{"ty":"gr","it":[{"ind":0,"ty":"sh","ix":1,"ks":{"a":0,"k":{"i":[[0,0],[0,0],[0,0],[0,0]],"o":[[0,0],[0,0],[0,0],[0,0]],"v":[[-14.465,14.469],[14.464,14.469],[14.464,-14.465],[-14.465,-14.465]],"c":true},"ix":2},"nm":"Path 1","mn":"ADBE Vector Shape - Group","hd":false},{"ind":1,"ty":"sh","ix":2,"ks":{"a":0,"k":{"i":[[1.988,0],[0,0],[0,1.999],[0,0],[-2,0],[0,0],[0,-2.003],[0,0]],"o":[[0,0],[-2,0],[0,0],[0,-2.003],[0,0],[1.988,0],[0,0],[0,1.999]],"v":[[18.082,21.696],[-18.082,21.696],[-21.695,18.083],[-21.695,-18.078],[-18.082,-21.695],[18.082,-21.695],[21.695,-18.078],[21.695,18.083]],"c":true},"ix":2},"nm":"Path 2","mn":"ADBE Vector Shape - Group","hd":false},{"ty":"mm","mm":1,"nm":"Merge Paths 1","mn":"ADBE Vector Filter - Merge","hd":false},{"ty":"fl","c":{"a":0,"k":[1,1,1,1],"ix":4},"o":{"a":0,"k":100,"ix":5},"r":1,"bm":0,"nm":"Fill 1","mn":"ADBE Vector Graphic - Fill","hd":false},{"ty":"tr","p":{"a":0,"k":[329.407,585.724],"ix":2},"a":{"a":0,"k":[0,0],"ix":1},"s":{"a":0,"k":[100,100],"ix":3},"r":{"a":0,"k":0,"ix":6},"o":{"a":0,"k":100,"ix":7},"sk":{"a":0,"k":0,"ix":4},"sa":{"a":0,"k":0,"ix":5},"nm":"Transform"}],"nm":"Group 1","np":4,"cix":2,"bm":0,"ix":1,"mn":"ADBE Vector Group","hd":false},{"ty":"gr","it":[{"ind":0,"ty":"sh","ix":1,"ks":{"a":0,"k":{"i":[[0,0],[0,0],[0,0],[0,0]],"o":[[0,0],[0,0],[0,0],[0,0]],"v":[[18.082,18.081],[-18.082,18.081],[-18.082,-18.081],[18.082,-18.081]],"c":true},"ix":2},"nm":"Path 1","mn":"ADBE Vector Shape - Group","hd":false},{"ty":"fl","c":{"a":0,"k":[1,1,1,1],"ix":4},"o":{"a":0,"k":100,"ix":5},"r":1,"bm":0,"nm":"Fill 1","mn":"ADBE Vector Graphic - Fill","hd":false},{"ty":"tr","p":{"a":0,"k":[329.407,585.727],"ix":2},"a":{"a":0,"k":[0,0],"ix":1},"s":{"a":0,"k":[100,100],"ix":3},"r":{"a":0,"k":0,"ix":6},"o":{"a":0,"k":100,"ix":7},"sk":{"a":0,"k":0,"ix":4},"sa":{"a":0,"k":0,"ix":5},"nm":"Transform"}],"nm":"Group 2","np":2,"cix":2,"bm":0,"ix":2,"mn":"ADBE Vector Group","hd":false}],"ip":40,"op":640,"st":40,"bm":0},{"ddd":0,"ind":7,"ty":4,"nm":"Layer 6 Outlines","parent":21,"sr":1,"ks":{"o":{"a":0,"k":100,"ix":11},"r":{"a":0,"k":0,"ix":10},"p":{"a":0,"k":[278.779,585.724,0],"ix":2},"a":{"a":0,"k":[278.779,585.724,0],"ix":1},"s":{"a":1,"k":[{"i":{"x":[0.321,0.321,0.667],"y":[1,1,1]},"o":{"x":[0.63,0.63,0.333],"y":[0,0,0]},"t":100,"s":[0,0,100]},{"i":{"x":[0.336,0.336,0.667],"y":[1,1,1]},"o":{"x":[0.68,0.68,0.333],"y":[0,0,0]},"t":150,"s":[103,103,100]},{"t":170,"s":[100,100,100]}],"ix":6}},"ao":0,"shapes":[{"ty":"gr","it":[{"ind":0,"ty":"sh","ix":1,"ks":{"a":0,"k":{"i":[[0,0],[0,0],[0,0],[0,0]],"o":[[0,0],[0,0],[0,0],[0,0]],"v":[[-14.469,14.469],[14.469,14.469],[14.469,-14.465],[-14.469,-14.465]],"c":true},"ix":2},"nm":"Path 1","mn":"ADBE Vector Shape - Group","hd":false},{"ind":1,"ty":"sh","ix":2,"ks":{"a":0,"k":{"i":[[2.004,0],[0,0],[0,1.999],[0,0],[-1.984,0],[0,0],[0,-2.003],[0,0]],"o":[[0,0],[-1.984,0],[0,0],[0,-2.003],[0,0],[2.004,0],[0,0],[0,1.999]],"v":[[18.077,21.696],[-18.082,21.696],[-21.695,18.083],[-21.695,-18.078],[-18.082,-21.695],[18.077,-21.695],[21.695,-18.078],[21.695,18.083]],"c":true},"ix":2},"nm":"Path 2","mn":"ADBE Vector Shape - Group","hd":false},{"ty":"mm","mm":1,"nm":"Merge Paths 1","mn":"ADBE Vector Filter - Merge","hd":false},{"ty":"fl","c":{"a":0,"k":[1,1,1,1],"ix":4},"o":{"a":0,"k":100,"ix":5},"r":1,"bm":0,"nm":"Fill 1","mn":"ADBE Vector Graphic - Fill","hd":false},{"ty":"tr","p":{"a":0,"k":[278.779,585.724],"ix":2},"a":{"a":0,"k":[0,0],"ix":1},"s":{"a":0,"k":[100,100],"ix":3},"r":{"a":0,"k":0,"ix":6},"o":{"a":0,"k":100,"ix":7},"sk":{"a":0,"k":0,"ix":4},"sa":{"a":0,"k":0,"ix":5},"nm":"Transform"}],"nm":"Group 1","np":4,"cix":2,"bm":0,"ix":1,"mn":"ADBE Vector Group","hd":false},{"ty":"gr","it":[{"ind":0,"ty":"sh","ix":1,"ks":{"a":0,"k":{"i":[[0,0],[0,0],[0,0],[0,0]],"o":[[0,0],[0,0],[0,0],[0,0]],"v":[[18.079,18.081],[-18.079,18.081],[-18.079,-18.081],[18.079,-18.081]],"c":true},"ix":2},"nm":"Path 1","mn":"ADBE Vector Shape - Group","hd":false},{"ty":"fl","c":{"a":0,"k":[1,1,1,1],"ix":4},"o":{"a":0,"k":100,"ix":5},"r":1,"bm":0,"nm":"Fill 1","mn":"ADBE Vector Graphic - Fill","hd":false},{"ty":"tr","p":{"a":0,"k":[278.776,585.727],"ix":2},"a":{"a":0,"k":[0,0],"ix":1},"s":{"a":0,"k":[100,100],"ix":3},"r":{"a":0,"k":0,"ix":6},"o":{"a":0,"k":100,"ix":7},"sk":{"a":0,"k":0,"ix":4},"sa":{"a":0,"k":0,"ix":5},"nm":"Transform"}],"nm":"Group 2","np":2,"cix":2,"bm":0,"ix":2,"mn":"ADBE Vector Group","hd":false}],"ip":40,"op":640,"st":40,"bm":0},{"ddd":0,"ind":8,"ty":4,"nm":"Layer 7 Outlines","parent":21,"sr":1,"ks":{"o":{"a":0,"k":100,"ix":11},"r":{"a":0,"k":0,"ix":10},"p":{"a":0,"k":[440.295,585.724,0],"ix":2},"a":{"a":0,"k":[440.295,585.724,0],"ix":1},"s":{"a":1,"k":[{"i":{"x":[0.321,0.321,0.667],"y":[1,1,1]},"o":{"x":[0.63,0.63,0.333],"y":[0,0,0]},"t":115,"s":[0,0,100]},{"i":{"x":[0.336,0.336,0.667],"y":[1,1,1]},"o":{"x":[0.68,0.68,0.333],"y":[0,0,0]},"t":165,"s":[103,103,100]},{"t":185,"s":[100,100,100]}],"ix":6}},"ao":0,"shapes":[{"ty":"gr","it":[{"ind":0,"ty":"sh","ix":1,"ks":{"a":0,"k":{"i":[[0,0],[0,0],[0,0],[0,0]],"o":[[0,0],[0,0],[0,0],[0,0]],"v":[[-14.458,14.469],[14.459,14.469],[14.459,-14.465],[-14.458,-14.465]],"c":true},"ix":2},"nm":"Path 1","mn":"ADBE Vector Shape - Group","hd":false},{"ind":1,"ty":"sh","ix":2,"ks":{"a":0,"k":{"i":[[2.004,0],[0,0],[0,1.999],[0,0],[-2,0],[0,0],[0,-2.003],[0,0]],"o":[[0,0],[-2,0],[0,0],[0,-2.003],[0,0],[2.004,0],[0,0],[0,1.999]],"v":[[18.072,21.696],[-18.075,21.696],[-21.701,18.083],[-21.701,-18.078],[-18.075,-21.695],[18.072,-21.695],[21.701,-18.078],[21.701,18.083]],"c":true},"ix":2},"nm":"Path 2","mn":"ADBE Vector Shape - Group","hd":false},{"ty":"mm","mm":1,"nm":"Merge Paths 1","mn":"ADBE Vector Filter - Merge","hd":false},{"ty":"fl","c":{"a":0,"k":[1,1,1,1],"ix":4},"o":{"a":0,"k":100,"ix":5},"r":1,"bm":0,"nm":"Fill 1","mn":"ADBE Vector Graphic - Fill","hd":false},{"ty":"tr","p":{"a":0,"k":[440.295,585.724],"ix":2},"a":{"a":0,"k":[0,0],"ix":1},"s":{"a":0,"k":[100,100],"ix":3},"r":{"a":0,"k":0,"ix":6},"o":{"a":0,"k":100,"ix":7},"sk":{"a":0,"k":0,"ix":4},"sa":{"a":0,"k":0,"ix":5},"nm":"Transform"}],"nm":"Group 1","np":4,"cix":2,"bm":0,"ix":1,"mn":"ADBE Vector Group","hd":false},{"ty":"gr","it":[{"ind":0,"ty":"sh","ix":1,"ks":{"a":0,"k":{"i":[[0,0],[0,0],[0,0],[0,0]],"o":[[0,0],[0,0],[0,0],[0,0]],"v":[[18.073,18.081],[-18.074,18.081],[-18.074,-18.081],[18.073,-18.081]],"c":true},"ix":2},"nm":"Path 1","mn":"ADBE Vector Shape - Group","hd":false},{"ty":"fl","c":{"a":0,"k":[1,1,1,1],"ix":4},"o":{"a":0,"k":100,"ix":5},"r":1,"bm":0,"nm":"Fill 1","mn":"ADBE Vector Graphic - Fill","hd":false},{"ty":"tr","p":{"a":0,"k":[440.294,585.727],"ix":2},"a":{"a":0,"k":[0,0],"ix":1},"s":{"a":0,"k":[100,100],"ix":3},"r":{"a":0,"k":0,"ix":6},"o":{"a":0,"k":100,"ix":7},"sk":{"a":0,"k":0,"ix":4},"sa":{"a":0,"k":0,"ix":5},"nm":"Transform"}],"nm":"Group 2","np":2,"cix":2,"bm":0,"ix":2,"mn":"ADBE Vector Group","hd":false}],"ip":40,"op":640,"st":40,"bm":0},{"ddd":0,"ind":9,"ty":4,"nm":"Layer 8 Outlines","parent":21,"sr":1,"ks":{"o":{"a":0,"k":100,"ix":11},"r":{"a":0,"k":0,"ix":10},"p":{"a":0,"k":[439.646,534.49,0],"ix":2},"a":{"a":0,"k":[439.646,534.49,0],"ix":1},"s":{"a":1,"k":[{"i":{"x":[0.321,0.321,0.667],"y":[1,1,1]},"o":{"x":[0.63,0.63,0.333],"y":[0,0,0]},"t":95,"s":[0,0,100]},{"i":{"x":[0.336,0.336,0.667],"y":[1,1,1]},"o":{"x":[0.68,0.68,0.333],"y":[0,0,0]},"t":145,"s":[103,103,100]},{"t":165,"s":[100,100,100]}],"ix":6}},"ao":0,"shapes":[{"ty":"gr","it":[{"ind":0,"ty":"sh","ix":1,"ks":{"a":0,"k":{"i":[[0,0],[0,0],[0,0],[0,0]],"o":[[0,0],[0,0],[0,0],[0,0]],"v":[[-14.467,14.468],[14.466,14.468],[14.466,-14.47],[-14.467,-14.47]],"c":true},"ix":2},"nm":"Path 1","mn":"ADBE Vector Shape - Group","hd":false},{"ind":1,"ty":"sh","ix":2,"ks":{"a":0,"k":{"i":[[2.004,0],[0,0],[0,1.999],[0,0],[-2.003,0],[0,0],[0,-1.964],[0,0]],"o":[[0,0],[-2.003,0],[0,0],[0,-1.964],[0,0],[2.004,0],[0,0],[0,1.999]],"v":[[18.079,21.693],[-18.081,21.693],[-21.693,18.084],[-21.693,-18.083],[-18.081,-21.693],[18.079,-21.693],[21.693,-18.083],[21.693,18.084]],"c":true},"ix":2},"nm":"Path 2","mn":"ADBE Vector Shape - Group","hd":false},{"ty":"mm","mm":1,"nm":"Merge Paths 1","mn":"ADBE Vector Filter - Merge","hd":false},{"ty":"fl","c":{"a":0,"k":[1,1,1,1],"ix":4},"o":{"a":0,"k":100,"ix":5},"r":1,"bm":0,"nm":"Fill 1","mn":"ADBE Vector Graphic - Fill","hd":false},{"ty":"tr","p":{"a":0,"k":[439.646,534.49],"ix":2},"a":{"a":0,"k":[0,0],"ix":1},"s":{"a":0,"k":[100,100],"ix":3},"r":{"a":0,"k":0,"ix":6},"o":{"a":0,"k":100,"ix":7},"sk":{"a":0,"k":0,"ix":4},"sa":{"a":0,"k":0,"ix":5},"nm":"Transform"}],"nm":"Group 1","np":4,"cix":2,"bm":0,"ix":1,"mn":"ADBE Vector Group","hd":false},{"ty":"gr","it":[{"ind":0,"ty":"sh","ix":1,"ks":{"a":0,"k":{"i":[[0,0],[0,0],[0,0],[0,0]],"o":[[0,0],[0,0],[0,0],[0,0]],"v":[[18.08,18.084],[-18.08,18.084],[-18.08,-18.084],[18.08,-18.084]],"c":true},"ix":2},"nm":"Path 1","mn":"ADBE Vector Shape - Group","hd":false},{"ty":"fl","c":{"a":0,"k":[1,1,1,1],"ix":4},"o":{"a":0,"k":100,"ix":5},"r":1,"bm":0,"nm":"Fill 1","mn":"ADBE Vector Graphic - Fill","hd":false},{"ty":"tr","p":{"a":0,"k":[439.645,534.49],"ix":2},"a":{"a":0,"k":[0,0],"ix":1},"s":{"a":0,"k":[100,100],"ix":3},"r":{"a":0,"k":0,"ix":6},"o":{"a":0,"k":100,"ix":7},"sk":{"a":0,"k":0,"ix":4},"sa":{"a":0,"k":0,"ix":5},"nm":"Transform"}],"nm":"Group 2","np":2,"cix":2,"bm":0,"ix":2,"mn":"ADBE Vector Group","hd":false}],"ip":40,"op":640,"st":40,"bm":0},{"ddd":0,"ind":10,"ty":4,"nm":"Layer 9 Outlines","parent":21,"sr":1,"ks":{"o":{"a":0,"k":100,"ix":11},"r":{"a":0,"k":0,"ix":10},"p":{"a":0,"k":[440.295,482.596,0],"ix":2},"a":{"a":0,"k":[440.295,482.596,0],"ix":1},"s":{"a":1,"k":[{"i":{"x":[0.321,0.321,0.667],"y":[1,1,1]},"o":{"x":[0.63,0.63,0.333],"y":[0,0,0]},"t":75,"s":[0,0,100]},{"i":{"x":[0.336,0.336,0.667],"y":[1,1,1]},"o":{"x":[0.68,0.68,0.333],"y":[0,0,0]},"t":125,"s":[103,103,100]},{"t":145,"s":[100,100,100]}],"ix":6}},"ao":0,"shapes":[{"ty":"gr","it":[{"ind":0,"ty":"sh","ix":1,"ks":{"a":0,"k":{"i":[[0,0],[0,0],[0,0],[0,0]],"o":[[0,0],[0,0],[0,0],[0,0]],"v":[[-14.458,14.468],[14.459,14.468],[14.459,-14.469],[-14.458,-14.469]],"c":true},"ix":2},"nm":"Path 1","mn":"ADBE Vector Shape - Group","hd":false},{"ind":1,"ty":"sh","ix":2,"ks":{"a":0,"k":{"i":[[2.004,0],[0,0],[0,2.005],[0,0],[-2,0],[0,0],[0,-1.972],[0,0]],"o":[[0,0],[-2,0],[0,0],[0,-1.972],[0,0],[2.004,0],[0,0],[0,2.005]],"v":[[18.072,21.691],[-18.075,21.691],[-21.701,18.081],[-21.701,-18.078],[-18.075,-21.691],[18.072,-21.691],[21.701,-18.078],[21.701,18.081]],"c":true},"ix":2},"nm":"Path 2","mn":"ADBE Vector Shape - Group","hd":false},{"ty":"mm","mm":1,"nm":"Merge Paths 1","mn":"ADBE Vector Filter - Merge","hd":false},{"ty":"fl","c":{"a":0,"k":[1,1,1,1],"ix":4},"o":{"a":0,"k":100,"ix":5},"r":1,"bm":0,"nm":"Fill 1","mn":"ADBE Vector Graphic - Fill","hd":false},{"ty":"tr","p":{"a":0,"k":[440.295,482.596],"ix":2},"a":{"a":0,"k":[0,0],"ix":1},"s":{"a":0,"k":[100,100],"ix":3},"r":{"a":0,"k":0,"ix":6},"o":{"a":0,"k":100,"ix":7},"sk":{"a":0,"k":0,"ix":4},"sa":{"a":0,"k":0,"ix":5},"nm":"Transform"}],"nm":"Group 1","np":4,"cix":2,"bm":0,"ix":1,"mn":"ADBE Vector Group","hd":false},{"ty":"gr","it":[{"ind":0,"ty":"sh","ix":1,"ks":{"a":0,"k":{"i":[[0,0],[0,0],[0,0],[0,0]],"o":[[0,0],[0,0],[0,0],[0,0]],"v":[[18.073,18.08],[-18.074,18.08],[-18.074,-18.08],[18.073,-18.08]],"c":true},"ix":2},"nm":"Path 1","mn":"ADBE Vector Shape - Group","hd":false},{"ty":"fl","c":{"a":0,"k":[1,1,1,1],"ix":4},"o":{"a":0,"k":100,"ix":5},"r":1,"bm":0,"nm":"Fill 1","mn":"ADBE Vector Graphic - Fill","hd":false},{"ty":"tr","p":{"a":0,"k":[440.294,482.597],"ix":2},"a":{"a":0,"k":[0,0],"ix":1},"s":{"a":0,"k":[100,100],"ix":3},"r":{"a":0,"k":0,"ix":6},"o":{"a":0,"k":100,"ix":7},"sk":{"a":0,"k":0,"ix":4},"sa":{"a":0,"k":0,"ix":5},"nm":"Transform"}],"nm":"Group 2","np":2,"cix":2,"bm":0,"ix":2,"mn":"ADBE Vector Group","hd":false}],"ip":40,"op":640,"st":40,"bm":0},{"ddd":0,"ind":11,"ty":4,"nm":"Layer 10 Outlines","parent":21,"sr":1,"ks":{"o":{"a":0,"k":100,"ix":11},"r":{"a":0,"k":0,"ix":10},"p":{"a":0,"k":[440.295,432.739,0],"ix":2},"a":{"a":0,"k":[440.295,432.739,0],"ix":1},"s":{"a":1,"k":[{"i":{"x":[0.321,0.321,0.667],"y":[1,1,1]},"o":{"x":[0.63,0.63,0.333],"y":[0,0,0]},"t":55,"s":[0,0,100]},{"i":{"x":[0.336,0.336,0.667],"y":[1,1,1]},"o":{"x":[0.68,0.68,0.333],"y":[0,0,0]},"t":105,"s":[103,103,100]},{"t":125,"s":[100,100,100]}],"ix":6}},"ao":0,"shapes":[{"ty":"gr","it":[{"ind":0,"ty":"sh","ix":1,"ks":{"a":0,"k":{"i":[[0,0],[0,0],[0,0],[0,0]],"o":[[0,0],[0,0],[0,0],[0,0]],"v":[[-14.458,14.467],[14.459,14.467],[14.459,-14.467],[-14.458,-14.467]],"c":true},"ix":2},"nm":"Path 1","mn":"ADBE Vector Shape - Group","hd":false},{"ind":1,"ty":"sh","ix":2,"ks":{"a":0,"k":{"i":[[2.004,0],[0,0],[0,1.972],[0,0],[-2,0],[0,0],[0,-2.004],[0,0]],"o":[[0,0],[-2,0],[0,0],[0,-2.004],[0,0],[2.004,0],[0,0],[0,1.972]],"v":[[18.072,21.693],[-18.075,21.693],[-21.701,18.079],[-21.701,-18.08],[-18.075,-21.693],[18.072,-21.693],[21.701,-18.08],[21.701,18.079]],"c":true},"ix":2},"nm":"Path 2","mn":"ADBE Vector Shape - Group","hd":false},{"ty":"mm","mm":1,"nm":"Merge Paths 1","mn":"ADBE Vector Filter - Merge","hd":false},{"ty":"fl","c":{"a":0,"k":[1,1,1,1],"ix":4},"o":{"a":0,"k":100,"ix":5},"r":1,"bm":0,"nm":"Fill 1","mn":"ADBE Vector Graphic - Fill","hd":false},{"ty":"tr","p":{"a":0,"k":[440.295,432.739],"ix":2},"a":{"a":0,"k":[0,0],"ix":1},"s":{"a":0,"k":[100,100],"ix":3},"r":{"a":0,"k":0,"ix":6},"o":{"a":0,"k":100,"ix":7},"sk":{"a":0,"k":0,"ix":4},"sa":{"a":0,"k":0,"ix":5},"nm":"Transform"}],"nm":"Group 1","np":4,"cix":2,"bm":0,"ix":1,"mn":"ADBE Vector Group","hd":false},{"ty":"gr","it":[{"ind":0,"ty":"sh","ix":1,"ks":{"a":0,"k":{"i":[[0,0],[0,0],[0,0],[0,0]],"o":[[0,0],[0,0],[0,0],[0,0]],"v":[[18.073,18.079],[-18.074,18.079],[-18.074,-18.079],[18.073,-18.079]],"c":true},"ix":2},"nm":"Path 1","mn":"ADBE Vector Shape - Group","hd":false},{"ty":"fl","c":{"a":0,"k":[1,1,1,1],"ix":4},"o":{"a":0,"k":100,"ix":5},"r":1,"bm":0,"nm":"Fill 1","mn":"ADBE Vector Graphic - Fill","hd":false},{"ty":"tr","p":{"a":0,"k":[440.294,432.738],"ix":2},"a":{"a":0,"k":[0,0],"ix":1},"s":{"a":0,"k":[100,100],"ix":3},"r":{"a":0,"k":0,"ix":6},"o":{"a":0,"k":100,"ix":7},"sk":{"a":0,"k":0,"ix":4},"sa":{"a":0,"k":0,"ix":5},"nm":"Transform"}],"nm":"Group 2","np":2,"cix":2,"bm":0,"ix":2,"mn":"ADBE Vector Group","hd":false}],"ip":40,"op":640,"st":40,"bm":0},{"ddd":0,"ind":12,"ty":4,"nm":"Layer 11 Outlines","parent":21,"sr":1,"ks":{"o":{"a":0,"k":100,"ix":11},"r":{"a":0,"k":0,"ix":10},"p":{"a":0,"k":[379.381,534.49,0],"ix":2},"a":{"a":0,"k":[379.381,534.49,0],"ix":1},"s":{"a":1,"k":[{"i":{"x":[0.321,0.321,0.667],"y":[1,1,1]},"o":{"x":[0.63,0.63,0.333],"y":[0,0,0]},"t":90,"s":[0,0,100]},{"i":{"x":[0.336,0.336,0.667],"y":[1,1,1]},"o":{"x":[0.68,0.68,0.333],"y":[0,0,0]},"t":140,"s":[103,103,100]},{"t":160,"s":[100,100,100]}],"ix":6}},"ao":0,"shapes":[{"ty":"gr","it":[{"ind":0,"ty":"sh","ix":1,"ks":{"a":0,"k":{"i":[[0,0],[0,0],[0,0],[0,0]],"o":[[0,0],[0,0],[0,0],[0,0]],"v":[[-14.473,14.468],[14.464,14.468],[14.464,-14.47],[-14.473,-14.47]],"c":true},"ix":2},"nm":"Path 1","mn":"ADBE Vector Shape - Group","hd":false},{"ind":1,"ty":"sh","ix":2,"ks":{"a":0,"k":{"i":[[1.989,0],[0,0],[0,1.999],[0,0],[-2.004,0],[0,0],[0,-1.964],[0,0]],"o":[[0,0],[-2.004,0],[0,0],[0,-1.964],[0,0],[1.989,0],[0,0],[0,1.999]],"v":[[18.077,21.693],[-18.082,21.693],[-21.695,18.084],[-21.695,-18.083],[-18.082,-21.693],[18.077,-21.693],[21.695,-18.083],[21.695,18.084]],"c":true},"ix":2},"nm":"Path 2","mn":"ADBE Vector Shape - Group","hd":false},{"ty":"mm","mm":1,"nm":"Merge Paths 1","mn":"ADBE Vector Filter - Merge","hd":false},{"ty":"fl","c":{"a":0,"k":[1,1,1,1],"ix":4},"o":{"a":0,"k":100,"ix":5},"r":1,"bm":0,"nm":"Fill 1","mn":"ADBE Vector Graphic - Fill","hd":false},{"ty":"tr","p":{"a":0,"k":[379.381,534.49],"ix":2},"a":{"a":0,"k":[0,0],"ix":1},"s":{"a":0,"k":[100,100],"ix":3},"r":{"a":0,"k":0,"ix":6},"o":{"a":0,"k":100,"ix":7},"sk":{"a":0,"k":0,"ix":4},"sa":{"a":0,"k":0,"ix":5},"nm":"Transform"}],"nm":"Group 1","np":4,"cix":2,"bm":0,"ix":1,"mn":"ADBE Vector Group","hd":false},{"ty":"gr","it":[{"ind":0,"ty":"sh","ix":1,"ks":{"a":0,"k":{"i":[[0,0],[0,0],[0,0],[0,0]],"o":[[0,0],[0,0],[0,0],[0,0]],"v":[[18.079,18.084],[-18.079,18.084],[-18.079,-18.084],[18.079,-18.084]],"c":true},"ix":2},"nm":"Path 1","mn":"ADBE Vector Shape - Group","hd":false},{"ty":"fl","c":{"a":0,"k":[1,1,1,1],"ix":4},"o":{"a":0,"k":100,"ix":5},"r":1,"bm":0,"nm":"Fill 1","mn":"ADBE Vector Graphic - Fill","hd":false},{"ty":"tr","p":{"a":0,"k":[379.379,534.49],"ix":2},"a":{"a":0,"k":[0,0],"ix":1},"s":{"a":0,"k":[100,100],"ix":3},"r":{"a":0,"k":0,"ix":6},"o":{"a":0,"k":100,"ix":7},"sk":{"a":0,"k":0,"ix":4},"sa":{"a":0,"k":0,"ix":5},"nm":"Transform"}],"nm":"Group 2","np":2,"cix":2,"bm":0,"ix":2,"mn":"ADBE Vector Group","hd":false}],"ip":40,"op":640,"st":40,"bm":0},{"ddd":0,"ind":13,"ty":4,"nm":"Layer 12 Outlines","parent":21,"sr":1,"ks":{"o":{"a":0,"k":100,"ix":11},"r":{"a":0,"k":0,"ix":10},"p":{"a":0,"k":[328.75,534.49,0],"ix":2},"a":{"a":0,"k":[328.75,534.49,0],"ix":1},"s":{"a":1,"k":[{"i":{"x":[0.321,0.321,0.667],"y":[1,1,1]},"o":{"x":[0.63,0.63,0.333],"y":[0,0,0]},"t":85,"s":[0,0,100]},{"i":{"x":[0.336,0.336,0.667],"y":[1,1,1]},"o":{"x":[0.68,0.68,0.333],"y":[0,0,0]},"t":135,"s":[103,103,100]},{"t":155,"s":[100,100,100]}],"ix":6}},"ao":0,"shapes":[{"ty":"gr","it":[{"ind":0,"ty":"sh","ix":1,"ks":{"a":0,"k":{"i":[[0,0],[0,0],[0,0],[0,0]],"o":[[0,0],[0,0],[0,0],[0,0]],"v":[[-14.466,14.468],[14.467,14.468],[14.467,-14.47],[-14.466,-14.47]],"c":true},"ix":2},"nm":"Path 1","mn":"ADBE Vector Shape - Group","hd":false},{"ind":1,"ty":"sh","ix":2,"ks":{"a":0,"k":{"i":[[2.003,0],[0,0],[0,1.999],[0,0],[-1.988,0],[0,0],[0,-1.964],[0,0]],"o":[[0,0],[-1.988,0],[0,0],[0,-1.964],[0,0],[2.003,0],[0,0],[0,1.999]],"v":[[18.081,21.693],[-18.079,21.693],[-21.692,18.084],[-21.692,-18.083],[-18.079,-21.693],[18.081,-21.693],[21.693,-18.083],[21.693,18.084]],"c":true},"ix":2},"nm":"Path 2","mn":"ADBE Vector Shape - Group","hd":false},{"ty":"mm","mm":1,"nm":"Merge Paths 1","mn":"ADBE Vector Filter - Merge","hd":false},{"ty":"fl","c":{"a":0,"k":[1,1,1,1],"ix":4},"o":{"a":0,"k":100,"ix":5},"r":1,"bm":0,"nm":"Fill 1","mn":"ADBE Vector Graphic - Fill","hd":false},{"ty":"tr","p":{"a":0,"k":[328.75,534.49],"ix":2},"a":{"a":0,"k":[0,0],"ix":1},"s":{"a":0,"k":[100,100],"ix":3},"r":{"a":0,"k":0,"ix":6},"o":{"a":0,"k":100,"ix":7},"sk":{"a":0,"k":0,"ix":4},"sa":{"a":0,"k":0,"ix":5},"nm":"Transform"}],"nm":"Group 1","np":4,"cix":2,"bm":0,"ix":1,"mn":"ADBE Vector Group","hd":false},{"ty":"gr","it":[{"ind":0,"ty":"sh","ix":1,"ks":{"a":0,"k":{"i":[[0,0],[0,0],[0,0],[0,0]],"o":[[0,0],[0,0],[0,0],[0,0]],"v":[[18.08,18.084],[-18.08,18.084],[-18.08,-18.084],[18.08,-18.084]],"c":true},"ix":2},"nm":"Path 1","mn":"ADBE Vector Shape - Group","hd":false},{"ty":"fl","c":{"a":0,"k":[1,1,1,1],"ix":4},"o":{"a":0,"k":100,"ix":5},"r":1,"bm":0,"nm":"Fill 1","mn":"ADBE Vector Graphic - Fill","hd":false},{"ty":"tr","p":{"a":0,"k":[328.751,534.49],"ix":2},"a":{"a":0,"k":[0,0],"ix":1},"s":{"a":0,"k":[100,100],"ix":3},"r":{"a":0,"k":0,"ix":6},"o":{"a":0,"k":100,"ix":7},"sk":{"a":0,"k":0,"ix":4},"sa":{"a":0,"k":0,"ix":5},"nm":"Transform"}],"nm":"Group 2","np":2,"cix":2,"bm":0,"ix":2,"mn":"ADBE Vector Group","hd":false}],"ip":40,"op":640,"st":40,"bm":0},{"ddd":0,"ind":14,"ty":4,"nm":"Layer 13 Outlines","parent":21,"sr":1,"ks":{"o":{"a":0,"k":100,"ix":11},"r":{"a":0,"k":0,"ix":10},"p":{"a":0,"k":[278.13,534.49,0],"ix":2},"a":{"a":0,"k":[278.13,534.49,0],"ix":1},"s":{"a":1,"k":[{"i":{"x":[0.321,0.321,0.667],"y":[1,1,1]},"o":{"x":[0.63,0.63,0.333],"y":[0,0,0]},"t":80,"s":[0,0,100]},{"i":{"x":[0.336,0.336,0.667],"y":[1,1,1]},"o":{"x":[0.68,0.68,0.333],"y":[0,0,0]},"t":130,"s":[103,103,100]},{"t":150,"s":[100,100,100]}],"ix":6}},"ao":0,"shapes":[{"ty":"gr","it":[{"ind":0,"ty":"sh","ix":1,"ks":{"a":0,"k":{"i":[[0,0],[0,0],[0,0],[0,0]],"o":[[0,0],[0,0],[0,0],[0,0]],"v":[[-14.463,14.468],[14.459,14.468],[14.459,-14.47],[-14.463,-14.47]],"c":true},"ix":2},"nm":"Path 1","mn":"ADBE Vector Shape - Group","hd":false},{"ind":1,"ty":"sh","ix":2,"ks":{"a":0,"k":{"i":[[1.984,0],[0,0],[0,1.999],[0,0],[-2.004,0],[0,0],[0,-1.964],[0,0]],"o":[[0,0],[-2.004,0],[0,0],[0,-1.964],[0,0],[1.984,0],[0,0],[0,1.999]],"v":[[18.093,21.693],[-18.071,21.693],[-21.701,18.084],[-21.701,-18.083],[-18.071,-21.693],[18.093,-21.693],[21.701,-18.083],[21.701,18.084]],"c":true},"ix":2},"nm":"Path 2","mn":"ADBE Vector Shape - Group","hd":false},{"ty":"mm","mm":1,"nm":"Merge Paths 1","mn":"ADBE Vector Filter - Merge","hd":false},{"ty":"fl","c":{"a":0,"k":[1,1,1,1],"ix":4},"o":{"a":0,"k":100,"ix":5},"r":1,"bm":0,"nm":"Fill 1","mn":"ADBE Vector Graphic - Fill","hd":false},{"ty":"tr","p":{"a":0,"k":[278.13,534.49],"ix":2},"a":{"a":0,"k":[0,0],"ix":1},"s":{"a":0,"k":[100,100],"ix":3},"r":{"a":0,"k":0,"ix":6},"o":{"a":0,"k":100,"ix":7},"sk":{"a":0,"k":0,"ix":4},"sa":{"a":0,"k":0,"ix":5},"nm":"Transform"}],"nm":"Group 1","np":4,"cix":2,"bm":0,"ix":1,"mn":"ADBE Vector Group","hd":false},{"ty":"gr","it":[{"ind":0,"ty":"sh","ix":1,"ks":{"a":0,"k":{"i":[[0,0],[0,0],[0,0],[0,0]],"o":[[0,0],[0,0],[0,0],[0,0]],"v":[[18.082,18.084],[-18.082,18.084],[-18.082,-18.084],[18.082,-18.084]],"c":true},"ix":2},"nm":"Path 1","mn":"ADBE Vector Shape - Group","hd":false},{"ty":"fl","c":{"a":0,"k":[1,1,1,1],"ix":4},"o":{"a":0,"k":100,"ix":5},"r":1,"bm":0,"nm":"Fill 1","mn":"ADBE Vector Graphic - Fill","hd":false},{"ty":"tr","p":{"a":0,"k":[278.141,534.49],"ix":2},"a":{"a":0,"k":[0,0],"ix":1},"s":{"a":0,"k":[100,100],"ix":3},"r":{"a":0,"k":0,"ix":6},"o":{"a":0,"k":100,"ix":7},"sk":{"a":0,"k":0,"ix":4},"sa":{"a":0,"k":0,"ix":5},"nm":"Transform"}],"nm":"Group 2","np":2,"cix":2,"bm":0,"ix":2,"mn":"ADBE Vector Group","hd":false}],"ip":40,"op":640,"st":40,"bm":0},{"ddd":0,"ind":15,"ty":4,"nm":"Layer 14 Outlines","parent":21,"sr":1,"ks":{"o":{"a":0,"k":100,"ix":11},"r":{"a":0,"k":0,"ix":10},"p":{"a":0,"k":[380.03,482.596,0],"ix":2},"a":{"a":0,"k":[380.03,482.596,0],"ix":1},"s":{"a":1,"k":[{"i":{"x":[0.321,0.321,0.667],"y":[1,1,1]},"o":{"x":[0.63,0.63,0.333],"y":[0,0,0]},"t":70,"s":[0,0,100]},{"i":{"x":[0.336,0.336,0.667],"y":[1,1,1]},"o":{"x":[0.68,0.68,0.333],"y":[0,0,0]},"t":120,"s":[103,103,100]},{"t":140,"s":[100,100,100]}],"ix":6}},"ao":0,"shapes":[{"ty":"gr","it":[{"ind":0,"ty":"sh","ix":1,"ks":{"a":0,"k":{"i":[[0,0],[0,0],[0,0],[0,0]],"o":[[0,0],[0,0],[0,0],[0,0]],"v":[[-14.46,14.468],[14.457,14.468],[14.457,-14.469],[-14.46,-14.469]],"c":true},"ix":2},"nm":"Path 1","mn":"ADBE Vector Shape - Group","hd":false},{"ind":1,"ty":"sh","ix":2,"ks":{"a":0,"k":{"i":[[2.008,0],[0,0],[0,2.005],[0,0],[-1.984,0],[0,0],[0,-1.972],[0,0]],"o":[[0,0],[-1.984,0],[0,0],[0,-1.972],[0,0],[2.008,0],[0,0],[0,2.005]],"v":[[18.067,21.691],[-18.093,21.691],[-21.701,18.081],[-21.701,-18.078],[-18.093,-21.691],[18.067,-21.691],[21.701,-18.078],[21.701,18.081]],"c":true},"ix":2},"nm":"Path 2","mn":"ADBE Vector Shape - Group","hd":false},{"ty":"mm","mm":1,"nm":"Merge Paths 1","mn":"ADBE Vector Filter - Merge","hd":false},{"ty":"fl","c":{"a":0,"k":[1,1,1,1],"ix":4},"o":{"a":0,"k":100,"ix":5},"r":1,"bm":0,"nm":"Fill 1","mn":"ADBE Vector Graphic - Fill","hd":false},{"ty":"tr","p":{"a":0,"k":[380.03,482.596],"ix":2},"a":{"a":0,"k":[0,0],"ix":1},"s":{"a":0,"k":[100,100],"ix":3},"r":{"a":0,"k":0,"ix":6},"o":{"a":0,"k":100,"ix":7},"sk":{"a":0,"k":0,"ix":4},"sa":{"a":0,"k":0,"ix":5},"nm":"Transform"}],"nm":"Group 1","np":4,"cix":2,"bm":0,"ix":1,"mn":"ADBE Vector Group","hd":false},{"ty":"gr","it":[{"ind":0,"ty":"sh","ix":1,"ks":{"a":0,"k":{"i":[[0,0],[0,0],[0,0],[0,0]],"o":[[0,0],[0,0],[0,0],[0,0]],"v":[[18.08,18.08],[-18.08,18.08],[-18.08,-18.08],[18.08,-18.08]],"c":true},"ix":2},"nm":"Path 1","mn":"ADBE Vector Shape - Group","hd":false},{"ty":"fl","c":{"a":0,"k":[1,1,1,1],"ix":4},"o":{"a":0,"k":100,"ix":5},"r":1,"bm":0,"nm":"Fill 1","mn":"ADBE Vector Graphic - Fill","hd":false},{"ty":"tr","p":{"a":0,"k":[380.017,482.597],"ix":2},"a":{"a":0,"k":[0,0],"ix":1},"s":{"a":0,"k":[100,100],"ix":3},"r":{"a":0,"k":0,"ix":6},"o":{"a":0,"k":100,"ix":7},"sk":{"a":0,"k":0,"ix":4},"sa":{"a":0,"k":0,"ix":5},"nm":"Transform"}],"nm":"Group 2","np":2,"cix":2,"bm":0,"ix":2,"mn":"ADBE Vector Group","hd":false}],"ip":40,"op":640,"st":40,"bm":0},{"ddd":0,"ind":16,"ty":4,"nm":"Layer 15 Outlines","parent":21,"sr":1,"ks":{"o":{"a":0,"k":100,"ix":11},"r":{"a":0,"k":0,"ix":10},"p":{"a":0,"k":[329.407,482.596,0],"ix":2},"a":{"a":0,"k":[329.407,482.596,0],"ix":1},"s":{"a":1,"k":[{"i":{"x":[0.321,0.321,0.667],"y":[1,1,1]},"o":{"x":[0.63,0.63,0.333],"y":[0,0,0]},"t":65,"s":[0,0,100]},{"i":{"x":[0.336,0.336,0.667],"y":[1,1,1]},"o":{"x":[0.68,0.68,0.333],"y":[0,0,0]},"t":115,"s":[103,103,100]},{"t":135,"s":[100,100,100]}],"ix":6}},"ao":0,"shapes":[{"ty":"gr","it":[{"ind":0,"ty":"sh","ix":1,"ks":{"a":0,"k":{"i":[[0,0],[0,0],[0,0],[0,0]],"o":[[0,0],[0,0],[0,0],[0,0]],"v":[[-14.465,14.468],[14.464,14.468],[14.464,-14.469],[-14.465,-14.469]],"c":true},"ix":2},"nm":"Path 1","mn":"ADBE Vector Shape - Group","hd":false},{"ind":1,"ty":"sh","ix":2,"ks":{"a":0,"k":{"i":[[1.988,0],[0,0],[0,2.005],[0,0],[-2,0],[0,0],[0,-1.972],[0,0]],"o":[[0,0],[-2,0],[0,0],[0,-1.972],[0,0],[1.988,0],[0,0],[0,2.005]],"v":[[18.082,21.691],[-18.082,21.691],[-21.695,18.081],[-21.695,-18.078],[-18.082,-21.691],[18.082,-21.691],[21.695,-18.078],[21.695,18.081]],"c":true},"ix":2},"nm":"Path 2","mn":"ADBE Vector Shape - Group","hd":false},{"ty":"mm","mm":1,"nm":"Merge Paths 1","mn":"ADBE Vector Filter - Merge","hd":false},{"ty":"fl","c":{"a":0,"k":[1,1,1,1],"ix":4},"o":{"a":0,"k":100,"ix":5},"r":1,"bm":0,"nm":"Fill 1","mn":"ADBE Vector Graphic - Fill","hd":false},{"ty":"tr","p":{"a":0,"k":[329.407,482.596],"ix":2},"a":{"a":0,"k":[0,0],"ix":1},"s":{"a":0,"k":[100,100],"ix":3},"r":{"a":0,"k":0,"ix":6},"o":{"a":0,"k":100,"ix":7},"sk":{"a":0,"k":0,"ix":4},"sa":{"a":0,"k":0,"ix":5},"nm":"Transform"}],"nm":"Group 1","np":4,"cix":2,"bm":0,"ix":1,"mn":"ADBE Vector Group","hd":false},{"ty":"gr","it":[{"ind":0,"ty":"sh","ix":1,"ks":{"a":0,"k":{"i":[[0,0],[0,0],[0,0],[0,0]],"o":[[0,0],[0,0],[0,0],[0,0]],"v":[[18.082,18.08],[-18.082,18.08],[-18.082,-18.08],[18.082,-18.08]],"c":true},"ix":2},"nm":"Path 1","mn":"ADBE Vector Shape - Group","hd":false},{"ty":"fl","c":{"a":0,"k":[1,1,1,1],"ix":4},"o":{"a":0,"k":100,"ix":5},"r":1,"bm":0,"nm":"Fill 1","mn":"ADBE Vector Graphic - Fill","hd":false},{"ty":"tr","p":{"a":0,"k":[329.407,482.597],"ix":2},"a":{"a":0,"k":[0,0],"ix":1},"s":{"a":0,"k":[100,100],"ix":3},"r":{"a":0,"k":0,"ix":6},"o":{"a":0,"k":100,"ix":7},"sk":{"a":0,"k":0,"ix":4},"sa":{"a":0,"k":0,"ix":5},"nm":"Transform"}],"nm":"Group 2","np":2,"cix":2,"bm":0,"ix":2,"mn":"ADBE Vector Group","hd":false}],"ip":40,"op":640,"st":40,"bm":0},{"ddd":0,"ind":17,"ty":4,"nm":"Layer 16 Outlines","parent":21,"sr":1,"ks":{"o":{"a":0,"k":100,"ix":11},"r":{"a":0,"k":0,"ix":10},"p":{"a":0,"k":[278.779,482.596,0],"ix":2},"a":{"a":0,"k":[278.779,482.596,0],"ix":1},"s":{"a":1,"k":[{"i":{"x":[0.321,0.321,0.667],"y":[1,1,1]},"o":{"x":[0.63,0.63,0.333],"y":[0,0,0]},"t":60,"s":[0,0,100]},{"i":{"x":[0.336,0.336,0.667],"y":[1,1,1]},"o":{"x":[0.68,0.68,0.333],"y":[0,0,0]},"t":110,"s":[103,103,100]},{"t":130,"s":[100,100,100]}],"ix":6}},"ao":0,"shapes":[{"ty":"gr","it":[{"ind":0,"ty":"sh","ix":1,"ks":{"a":0,"k":{"i":[[0,0],[0,0],[0,0],[0,0]],"o":[[0,0],[0,0],[0,0],[0,0]],"v":[[-14.469,14.468],[14.469,14.468],[14.469,-14.469],[-14.469,-14.469]],"c":true},"ix":2},"nm":"Path 1","mn":"ADBE Vector Shape - Group","hd":false},{"ind":1,"ty":"sh","ix":2,"ks":{"a":0,"k":{"i":[[2.004,0],[0,0],[0,2.005],[0,0],[-1.984,0],[0,0],[0,-1.972],[0,0]],"o":[[0,0],[-1.984,0],[0,0],[0,-1.972],[0,0],[2.004,0],[0,0],[0,2.005]],"v":[[18.077,21.691],[-18.082,21.691],[-21.695,18.081],[-21.695,-18.078],[-18.082,-21.691],[18.077,-21.691],[21.695,-18.078],[21.695,18.081]],"c":true},"ix":2},"nm":"Path 2","mn":"ADBE Vector Shape - Group","hd":false},{"ty":"mm","mm":1,"nm":"Merge Paths 1","mn":"ADBE Vector Filter - Merge","hd":false},{"ty":"fl","c":{"a":0,"k":[1,1,1,1],"ix":4},"o":{"a":0,"k":100,"ix":5},"r":1,"bm":0,"nm":"Fill 1","mn":"ADBE Vector Graphic - Fill","hd":false},{"ty":"tr","p":{"a":0,"k":[278.779,482.596],"ix":2},"a":{"a":0,"k":[0,0],"ix":1},"s":{"a":0,"k":[100,100],"ix":3},"r":{"a":0,"k":0,"ix":6},"o":{"a":0,"k":100,"ix":7},"sk":{"a":0,"k":0,"ix":4},"sa":{"a":0,"k":0,"ix":5},"nm":"Transform"}],"nm":"Group 1","np":4,"cix":2,"bm":0,"ix":1,"mn":"ADBE Vector Group","hd":false},{"ty":"gr","it":[{"ind":0,"ty":"sh","ix":1,"ks":{"a":0,"k":{"i":[[0,0],[0,0],[0,0],[0,0]],"o":[[0,0],[0,0],[0,0],[0,0]],"v":[[18.079,18.08],[-18.079,18.08],[-18.079,-18.08],[18.079,-18.08]],"c":true},"ix":2},"nm":"Path 1","mn":"ADBE Vector Shape - Group","hd":false},{"ty":"fl","c":{"a":0,"k":[1,1,1,1],"ix":4},"o":{"a":0,"k":100,"ix":5},"r":1,"bm":0,"nm":"Fill 1","mn":"ADBE Vector Graphic - Fill","hd":false},{"ty":"tr","p":{"a":0,"k":[278.776,482.597],"ix":2},"a":{"a":0,"k":[0,0],"ix":1},"s":{"a":0,"k":[100,100],"ix":3},"r":{"a":0,"k":0,"ix":6},"o":{"a":0,"k":100,"ix":7},"sk":{"a":0,"k":0,"ix":4},"sa":{"a":0,"k":0,"ix":5},"nm":"Transform"}],"nm":"Group 2","np":2,"cix":2,"bm":0,"ix":2,"mn":"ADBE Vector Group","hd":false}],"ip":40,"op":640,"st":40,"bm":0},{"ddd":0,"ind":18,"ty":4,"nm":"Layer 17 Outlines","parent":21,"sr":1,"ks":{"o":{"a":0,"k":100,"ix":11},"r":{"a":0,"k":0,"ix":10},"p":{"a":0,"k":[380.03,432.739,0],"ix":2},"a":{"a":0,"k":[380.03,432.739,0],"ix":1},"s":{"a":1,"k":[{"i":{"x":[0.321,0.321,0.667],"y":[1,1,1]},"o":{"x":[0.63,0.63,0.333],"y":[0,0,0]},"t":50,"s":[0,0,100]},{"i":{"x":[0.336,0.336,0.667],"y":[1,1,1]},"o":{"x":[0.68,0.68,0.333],"y":[0,0,0]},"t":100,"s":[103,103,100]},{"t":120,"s":[100,100,100]}],"ix":6}},"ao":0,"shapes":[{"ty":"gr","it":[{"ind":0,"ty":"sh","ix":1,"ks":{"a":0,"k":{"i":[[0,0],[0,0],[0,0],[0,0]],"o":[[0,0],[0,0],[0,0],[0,0]],"v":[[-14.46,14.467],[14.457,14.467],[14.457,-14.467],[-14.46,-14.467]],"c":true},"ix":2},"nm":"Path 1","mn":"ADBE Vector Shape - Group","hd":false},{"ind":1,"ty":"sh","ix":2,"ks":{"a":0,"k":{"i":[[2.008,0],[0,0],[0,1.972],[0,0],[-1.984,0],[0,0],[0,-2.004],[0,0]],"o":[[0,0],[-1.984,0],[0,0],[0,-2.004],[0,0],[2.008,0],[0,0],[0,1.972]],"v":[[18.067,21.693],[-18.093,21.693],[-21.701,18.079],[-21.701,-18.08],[-18.093,-21.693],[18.067,-21.693],[21.701,-18.08],[21.701,18.079]],"c":true},"ix":2},"nm":"Path 2","mn":"ADBE Vector Shape - Group","hd":false},{"ty":"mm","mm":1,"nm":"Merge Paths 1","mn":"ADBE Vector Filter - Merge","hd":false},{"ty":"fl","c":{"a":0,"k":[1,1,1,1],"ix":4},"o":{"a":0,"k":100,"ix":5},"r":1,"bm":0,"nm":"Fill 1","mn":"ADBE Vector Graphic - Fill","hd":false},{"ty":"tr","p":{"a":0,"k":[380.03,432.739],"ix":2},"a":{"a":0,"k":[0,0],"ix":1},"s":{"a":0,"k":[100,100],"ix":3},"r":{"a":0,"k":0,"ix":6},"o":{"a":0,"k":100,"ix":7},"sk":{"a":0,"k":0,"ix":4},"sa":{"a":0,"k":0,"ix":5},"nm":"Transform"}],"nm":"Group 1","np":4,"cix":2,"bm":0,"ix":1,"mn":"ADBE Vector Group","hd":false},{"ty":"gr","it":[{"ind":0,"ty":"sh","ix":1,"ks":{"a":0,"k":{"i":[[0,0],[0,0],[0,0],[0,0]],"o":[[0,0],[0,0],[0,0],[0,0]],"v":[[18.08,18.079],[-18.08,18.079],[-18.08,-18.079],[18.08,-18.079]],"c":true},"ix":2},"nm":"Path 1","mn":"ADBE Vector Shape - Group","hd":false},{"ty":"fl","c":{"a":0,"k":[1,1,1,1],"ix":4},"o":{"a":0,"k":100,"ix":5},"r":1,"bm":0,"nm":"Fill 1","mn":"ADBE Vector Graphic - Fill","hd":false},{"ty":"tr","p":{"a":0,"k":[380.017,432.738],"ix":2},"a":{"a":0,"k":[0,0],"ix":1},"s":{"a":0,"k":[100,100],"ix":3},"r":{"a":0,"k":0,"ix":6},"o":{"a":0,"k":100,"ix":7},"sk":{"a":0,"k":0,"ix":4},"sa":{"a":0,"k":0,"ix":5},"nm":"Transform"}],"nm":"Group 2","np":2,"cix":2,"bm":0,"ix":2,"mn":"ADBE Vector Group","hd":false}],"ip":40,"op":640,"st":40,"bm":0},{"ddd":0,"ind":19,"ty":4,"nm":"Layer 18 Outlines","parent":21,"sr":1,"ks":{"o":{"a":0,"k":100,"ix":11},"r":{"a":0,"k":0,"ix":10},"p":{"a":0,"k":[329.407,432.739,0],"ix":2},"a":{"a":0,"k":[329.407,432.739,0],"ix":1},"s":{"a":1,"k":[{"i":{"x":[0.321,0.321,0.667],"y":[1,1,1]},"o":{"x":[0.63,0.63,0.333],"y":[0,0,0]},"t":45,"s":[0,0,100]},{"i":{"x":[0.336,0.336,0.667],"y":[1,1,1]},"o":{"x":[0.68,0.68,0.333],"y":[0,0,0]},"t":95,"s":[103,103,100]},{"t":115,"s":[100,100,100]}],"ix":6}},"ao":0,"shapes":[{"ty":"gr","it":[{"ind":0,"ty":"sh","ix":1,"ks":{"a":0,"k":{"i":[[0,0],[0,0],[0,0],[0,0]],"o":[[0,0],[0,0],[0,0],[0,0]],"v":[[-14.465,14.467],[14.464,14.467],[14.464,-14.467],[-14.465,-14.467]],"c":true},"ix":2},"nm":"Path 1","mn":"ADBE Vector Shape - Group","hd":false},{"ind":1,"ty":"sh","ix":2,"ks":{"a":0,"k":{"i":[[1.988,0],[0,0],[0,1.972],[0,0],[-2,0],[0,0],[0,-2.004],[0,0]],"o":[[0,0],[-2,0],[0,0],[0,-2.004],[0,0],[1.988,0],[0,0],[0,1.972]],"v":[[18.082,21.693],[-18.082,21.693],[-21.695,18.079],[-21.695,-18.08],[-18.082,-21.693],[18.082,-21.693],[21.695,-18.08],[21.695,18.079]],"c":true},"ix":2},"nm":"Path 2","mn":"ADBE Vector Shape - Group","hd":false},{"ty":"mm","mm":1,"nm":"Merge Paths 1","mn":"ADBE Vector Filter - Merge","hd":false},{"ty":"fl","c":{"a":0,"k":[1,1,1,1],"ix":4},"o":{"a":0,"k":100,"ix":5},"r":1,"bm":0,"nm":"Fill 1","mn":"ADBE Vector Graphic - Fill","hd":false},{"ty":"tr","p":{"a":0,"k":[329.407,432.739],"ix":2},"a":{"a":0,"k":[0,0],"ix":1},"s":{"a":0,"k":[100,100],"ix":3},"r":{"a":0,"k":0,"ix":6},"o":{"a":0,"k":100,"ix":7},"sk":{"a":0,"k":0,"ix":4},"sa":{"a":0,"k":0,"ix":5},"nm":"Transform"}],"nm":"Group 1","np":4,"cix":2,"bm":0,"ix":1,"mn":"ADBE Vector Group","hd":false},{"ty":"gr","it":[{"ind":0,"ty":"sh","ix":1,"ks":{"a":0,"k":{"i":[[0,0],[0,0],[0,0],[0,0]],"o":[[0,0],[0,0],[0,0],[0,0]],"v":[[18.082,18.079],[-18.082,18.079],[-18.082,-18.079],[18.082,-18.079]],"c":true},"ix":2},"nm":"Path 1","mn":"ADBE Vector Shape - Group","hd":false},{"ty":"fl","c":{"a":0,"k":[1,1,1,1],"ix":4},"o":{"a":0,"k":100,"ix":5},"r":1,"bm":0,"nm":"Fill 1","mn":"ADBE Vector Graphic - Fill","hd":false},{"ty":"tr","p":{"a":0,"k":[329.407,432.738],"ix":2},"a":{"a":0,"k":[0,0],"ix":1},"s":{"a":0,"k":[100,100],"ix":3},"r":{"a":0,"k":0,"ix":6},"o":{"a":0,"k":100,"ix":7},"sk":{"a":0,"k":0,"ix":4},"sa":{"a":0,"k":0,"ix":5},"nm":"Transform"}],"nm":"Group 2","np":2,"cix":2,"bm":0,"ix":2,"mn":"ADBE Vector Group","hd":false}],"ip":40,"op":640,"st":40,"bm":0},{"ddd":0,"ind":20,"ty":4,"nm":"Layer 19 Outlines","parent":21,"sr":1,"ks":{"o":{"a":0,"k":100,"ix":11},"r":{"a":0,"k":0,"ix":10},"p":{"a":0,"k":[278.779,432.739,0],"ix":2},"a":{"a":0,"k":[278.779,432.739,0],"ix":1},"s":{"a":1,"k":[{"i":{"x":[0.321,0.321,0.667],"y":[1,1,1]},"o":{"x":[0.63,0.63,0.333],"y":[0,0,0]},"t":40,"s":[0,0,100]},{"i":{"x":[0.336,0.336,0.667],"y":[1,1,1]},"o":{"x":[0.68,0.68,0.333],"y":[0,0,0]},"t":90,"s":[103,103,100]},{"t":110,"s":[100,100,100]}],"ix":6}},"ao":0,"shapes":[{"ty":"gr","it":[{"ind":0,"ty":"sh","ix":1,"ks":{"a":0,"k":{"i":[[0,0],[0,0],[0,0],[0,0]],"o":[[0,0],[0,0],[0,0],[0,0]],"v":[[-14.469,14.467],[14.469,14.467],[14.469,-14.467],[-14.469,-14.467]],"c":true},"ix":2},"nm":"Path 1","mn":"ADBE Vector Shape - Group","hd":false},{"ind":1,"ty":"sh","ix":2,"ks":{"a":0,"k":{"i":[[2.004,0],[0,0],[0,1.972],[0,0],[-1.984,0],[0,0],[0,-2.004],[0,0]],"o":[[0,0],[-1.984,0],[0,0],[0,-2.004],[0,0],[2.004,0],[0,0],[0,1.972]],"v":[[18.077,21.693],[-18.082,21.693],[-21.695,18.079],[-21.695,-18.08],[-18.082,-21.693],[18.077,-21.693],[21.695,-18.08],[21.695,18.079]],"c":true},"ix":2},"nm":"Path 2","mn":"ADBE Vector Shape - Group","hd":false},{"ty":"mm","mm":1,"nm":"Merge Paths 1","mn":"ADBE Vector Filter - Merge","hd":false},{"ty":"fl","c":{"a":0,"k":[1,1,1,1],"ix":4},"o":{"a":0,"k":100,"ix":5},"r":1,"bm":0,"nm":"Fill 1","mn":"ADBE Vector Graphic - Fill","hd":false},{"ty":"tr","p":{"a":0,"k":[278.779,432.739],"ix":2},"a":{"a":0,"k":[0,0],"ix":1},"s":{"a":0,"k":[100,100],"ix":3},"r":{"a":0,"k":0,"ix":6},"o":{"a":0,"k":100,"ix":7},"sk":{"a":0,"k":0,"ix":4},"sa":{"a":0,"k":0,"ix":5},"nm":"Transform"}],"nm":"Group 1","np":4,"cix":2,"bm":0,"ix":1,"mn":"ADBE Vector Group","hd":false},{"ty":"gr","it":[{"ind":0,"ty":"sh","ix":1,"ks":{"a":0,"k":{"i":[[0,0],[0,0],[0,0],[0,0]],"o":[[0,0],[0,0],[0,0],[0,0]],"v":[[18.079,18.079],[-18.079,18.079],[-18.079,-18.079],[18.079,-18.079]],"c":true},"ix":2},"nm":"Path 1","mn":"ADBE Vector Shape - Group","hd":false},{"ty":"fl","c":{"a":0,"k":[1,1,1,1],"ix":4},"o":{"a":0,"k":100,"ix":5},"r":1,"bm":0,"nm":"Fill 1","mn":"ADBE Vector Graphic - Fill","hd":false},{"ty":"tr","p":{"a":0,"k":[278.776,432.738],"ix":2},"a":{"a":0,"k":[0,0],"ix":1},"s":{"a":0,"k":[100,100],"ix":3},"r":{"a":0,"k":0,"ix":6},"o":{"a":0,"k":100,"ix":7},"sk":{"a":0,"k":0,"ix":4},"sa":{"a":0,"k":0,"ix":5},"nm":"Transform"}],"nm":"Group 2","np":2,"cix":2,"bm":0,"ix":2,"mn":"ADBE Vector Group","hd":false}],"ip":40,"op":640,"st":40,"bm":0},{"ddd":0,"ind":21,"ty":4,"nm":"Layer 20 Outlines","parent":2,"sr":1,"ks":{"o":{"a":0,"k":100,"ix":11},"r":{"a":0,"k":0,"ix":10},"p":{"a":1,"k":[{"i":{"x":0.297,"y":1},"o":{"x":0.641,"y":0},"t":30,"s":[-91.116,494.154,0],"to":[0,-83.333,0],"ti":[0,83.333,0]},{"t":80,"s":[-91.116,-5.846,0]}],"ix":2},"a":{"a":0,"k":[358.884,444.154,0],"ix":1},"s":{"a":0,"k":[100,100,100],"ix":6}},"ao":0,"hasMask":true,"masksProperties":[{"inv":false,"mode":"a","pt":{"a":1,"k":[{"i":{"x":0.297,"y":1},"o":{"x":0.641,"y":0},"t":30,"s":[{"i":[[0,0],[0,0],[0,0],[0,0]],"o":[[0,0],[0,0],[0,0],[0,0]],"v":[[1292,-626],[-212,-626],[-212,222],[1292,222]],"c":true}]},{"t":80,"s":[{"i":[[0,0],[0,0],[0,0],[0,0]],"o":[[0,0],[0,0],[0,0],[0,0]],"v":[[1292,-126],[-212,-126],[-212,722],[1292,722]],"c":true}]}],"ix":1},"o":{"a":0,"k":100,"ix":3},"x":{"a":0,"k":0,"ix":4},"nm":"Mask 1"}],"shapes":[{"ty":"gr","it":[{"ind":0,"ty":"sh","ix":1,"ks":{"a":0,"k":{"i":[[0,0],[15.967,0],[0,0],[0,15.991],[0,0],[-15.996,0],[0,0],[0,-15.958]],"o":[[0,15.991],[0,0],[-15.996,0],[0,0],[0,-15.958],[0,0],[15.967,0],[0,0]],"v":[[133.232,170.557],[104.31,199.492],[-104.293,199.492],[-133.232,170.557],[-133.232,-170.591],[-104.293,-199.492],[104.31,-199.492],[133.232,-170.591]],"c":true},"ix":2},"nm":"Path 1","mn":"ADBE Vector Shape - Group","hd":false},{"ty":"fl","c":{"a":0,"k":[0.851000019148,0.238999998803,0.081999999402,1],"ix":4},"o":{"a":0,"k":100,"ix":5},"r":1,"bm":0,"nm":"Fill 1","mn":"ADBE Vector Graphic - Fill","hd":false},{"ty":"tr","p":{"a":0,"k":[358.884,444.154],"ix":2},"a":{"a":0,"k":[0,0],"ix":1},"s":{"a":0,"k":[100,100],"ix":3},"r":{"a":0,"k":0,"ix":6},"o":{"a":0,"k":100,"ix":7},"sk":{"a":0,"k":0,"ix":4},"sa":{"a":0,"k":0,"ix":5},"nm":"Transform"}],"nm":"Group 1","np":2,"cix":2,"bm":0,"ix":1,"mn":"ADBE Vector Group","hd":false}],"ip":30,"op":630,"st":30,"bm":0},{"ddd":0,"ind":22,"ty":4,"nm":"Layer 21 Outlines","parent":2,"sr":1,"ks":{"o":{"a":0,"k":100,"ix":11},"r":{"a":0,"k":0,"ix":10},"p":{"a":0,"k":[-136.621,303.293,0],"ix":2},"a":{"a":0,"k":[313.379,753.293,0],"ix":1},"s":{"a":1,"k":[{"i":{"x":[0.375,0.375,0.667],"y":[1,1,1]},"o":{"x":[0.65,0.65,0.333],"y":[0,0,0]},"t":40,"s":[0,100,100]},{"i":{"x":[0.311,0.311,0.667],"y":[1,1,1]},"o":{"x":[0.684,0.684,0.333],"y":[0,0,0]},"t":80,"s":[103,103,100]},{"t":100,"s":[100,100,100]}],"ix":6}},"ao":0,"shapes":[{"ty":"gr","it":[{"ind":0,"ty":"sh","ix":1,"ks":{"a":0,"k":{"i":[[0,-4.009],[4.008,0],[0,0],[0,4.008],[-4.004,0],[0,0]],"o":[[0,4.008],[0,0],[-4.004,0],[0,-4.009],[0,0],[4.008,0]],"v":[[28.318,0.016],[21.091,7.243],[-21.097,7.243],[-28.318,0.016],[-21.097,-7.242],[21.091,-7.242]],"c":true},"ix":2},"nm":"Path 1","mn":"ADBE Vector Shape - Group","hd":false},{"ty":"fl","c":{"a":0,"k":[1,1,1,1],"ix":4},"o":{"a":0,"k":100,"ix":5},"r":1,"bm":0,"nm":"Fill 1","mn":"ADBE Vector Graphic - Fill","hd":false},{"ty":"tr","p":{"a":0,"k":[285.061,753.293],"ix":2},"a":{"a":0,"k":[0,0],"ix":1},"s":{"a":0,"k":[100,100],"ix":3},"r":{"a":0,"k":0,"ix":6},"o":{"a":0,"k":100,"ix":7},"sk":{"a":0,"k":0,"ix":4},"sa":{"a":0,"k":0,"ix":5},"nm":"Transform"}],"nm":"Group 1","np":2,"cix":2,"bm":0,"ix":1,"mn":"ADBE Vector Group","hd":false}],"ip":0,"op":600,"st":0,"bm":0},{"ddd":0,"ind":23,"ty":4,"nm":"Layer 22 Outlines","parent":2,"sr":1,"ks":{"o":{"a":0,"k":100,"ix":11},"r":{"a":0,"k":0,"ix":10},"p":{"a":0,"k":[-45.628,303.293,0],"ix":2},"a":{"a":0,"k":[404.372,753.293,0],"ix":1},"s":{"a":1,"k":[{"i":{"x":[0.375,0.375,0.667],"y":[1,1,1]},"o":{"x":[0.65,0.65,0.333],"y":[0,0,0]},"t":40,"s":[0,100,100]},{"i":{"x":[0.311,0.311,0.667],"y":[1,1,1]},"o":{"x":[0.684,0.684,0.333],"y":[0,0,0]},"t":80,"s":[103,103,100]},{"t":100,"s":[100,100,100]}],"ix":6}},"ao":0,"shapes":[{"ty":"gr","it":[{"ind":0,"ty":"sh","ix":1,"ks":{"a":0,"k":{"i":[[0,-4.009],[3.987,0],[0,0],[0,4.008],[-3.975,0],[0,0]],"o":[[0,4.008],[0,0],[-3.975,0],[0,-4.009],[0,0],[3.987,0]],"v":[[28.337,0.016],[21.094,7.243],[-21.111,7.243],[-28.337,0.016],[-21.111,-7.242],[21.094,-7.242]],"c":true},"ix":2},"nm":"Path 1","mn":"ADBE Vector Shape - Group","hd":false},{"ty":"fl","c":{"a":0,"k":[1,1,1,1],"ix":4},"o":{"a":0,"k":100,"ix":5},"r":1,"bm":0,"nm":"Fill 1","mn":"ADBE Vector Graphic - Fill","hd":false},{"ty":"tr","p":{"a":0,"k":[432.709,753.293],"ix":2},"a":{"a":0,"k":[0,0],"ix":1},"s":{"a":0,"k":[100,100],"ix":3},"r":{"a":0,"k":0,"ix":6},"o":{"a":0,"k":100,"ix":7},"sk":{"a":0,"k":0,"ix":4},"sa":{"a":0,"k":0,"ix":5},"nm":"Transform"}],"nm":"Group 1","np":2,"cix":2,"bm":0,"ix":1,"mn":"ADBE Vector Group","hd":false}],"ip":0,"op":600,"st":0,"bm":0},{"ddd":0,"ind":24,"ty":4,"nm":"Layer 23 Outlines","parent":2,"sr":1,"ks":{"o":{"a":0,"k":100,"ix":11},"r":{"a":0,"k":0,"ix":10},"p":{"a":0,"k":[-92.02,304.509,0],"ix":2},"a":{"a":0,"k":[357.98,754.509,0],"ix":1},"s":{"a":1,"k":[{"i":{"x":[0.375,0.375,0.667],"y":[1,1,1]},"o":{"x":[0.65,0.65,0.333],"y":[0,0,0]},"t":30,"s":[0,0,100]},{"i":{"x":[0.311,0.311,0.667],"y":[1,1,1]},"o":{"x":[0.684,0.684,0.333],"y":[0,0,0]},"t":70,"s":[103,103,100]},{"t":90,"s":[100,100,100]}],"ix":6}},"ao":0,"shapes":[{"ty":"gr","it":[{"ind":0,"ty":"sh","ix":1,"ks":{"a":0,"k":{"i":[[0,-9.987],[9.967,0],[0,9.983],[-10,0]],"o":[[0,9.983],[-10,0],[0,-9.987],[9.967,0]],"v":[[18.08,0.015],[0.002,18.079],[-18.08,0.015],[0.002,-18.079]],"c":true},"ix":2},"nm":"Path 1","mn":"ADBE Vector Shape - Group","hd":false},{"ty":"fl","c":{"a":0,"k":[1,1,1,1],"ix":4},"o":{"a":0,"k":100,"ix":5},"r":1,"bm":0,"nm":"Fill 1","mn":"ADBE Vector Graphic - Fill","hd":false},{"ty":"tr","p":{"a":0,"k":[357.98,754.509],"ix":2},"a":{"a":0,"k":[0,0],"ix":1},"s":{"a":0,"k":[100,100],"ix":3},"r":{"a":0,"k":0,"ix":6},"o":{"a":0,"k":100,"ix":7},"sk":{"a":0,"k":0,"ix":4},"sa":{"a":0,"k":0,"ix":5},"nm":"Transform"}],"nm":"Group 1","np":2,"cix":2,"bm":0,"ix":1,"mn":"ADBE Vector Group","hd":false}],"ip":0,"op":600,"st":0,"bm":0},{"ddd":0,"ind":25,"ty":4,"nm":"Layer 24 Outlines","parent":26,"sr":1,"ks":{"o":{"a":0,"k":100,"ix":11},"r":{"a":0,"k":0,"ix":10},"p":{"a":0,"k":[358.892,457.341,0],"ix":2},"a":{"a":0,"k":[358.892,457.341,0],"ix":1},"s":{"a":0,"k":[100,100,100],"ix":6}},"ao":0,"shapes":[{"ty":"gr","it":[{"ind":0,"ty":"sh","ix":1,"ks":{"a":0,"k":{"i":[[0,0],[0,0],[0,0]],"o":[[0,0],[0,0],[0,0]],"v":[[160.68,264.08],[-160.68,264.08],[160.68,-264.08]],"c":true},"ix":2},"nm":"Path 1","mn":"ADBE Vector Shape - Group","hd":false},{"ty":"fl","c":{"a":0,"k":[0.651000019148,0.855000035903,0.910000011968,1],"ix":4},"o":{"a":0,"k":100,"ix":5},"r":1,"bm":0,"nm":"Fill 1","mn":"ADBE Vector Graphic - Fill","hd":false},{"ty":"tr","p":{"a":0,"k":[358.892,457.341],"ix":2},"a":{"a":0,"k":[0,0],"ix":1},"s":{"a":0,"k":[100,100],"ix":3},"r":{"a":0,"k":0,"ix":6},"o":{"a":0,"k":100,"ix":7},"sk":{"a":0,"k":0,"ix":4},"sa":{"a":0,"k":0,"ix":5},"nm":"Transform"}],"nm":"Group 1","np":2,"cix":2,"bm":0,"ix":1,"mn":"ADBE Vector Group","hd":false},{"ty":"gr","it":[{"ind":0,"ty":"sh","ix":1,"ks":{"a":0,"k":{"i":[[0,0],[0,0],[0,0],[0,0]],"o":[[0,0],[0,0],[0,0],[0,0]],"v":[[160.68,264.08],[-160.68,264.08],[-160.68,-264.08],[160.68,-264.08]],"c":true},"ix":2},"nm":"Path 1","mn":"ADBE Vector Shape - Group","hd":false},{"ty":"fl","c":{"a":0,"k":[0.834999952129,0.925,0.987999949736,1],"ix":4},"o":{"a":0,"k":100,"ix":5},"r":1,"bm":0,"nm":"Fill 1","mn":"ADBE Vector Graphic - Fill","hd":false},{"ty":"tr","p":{"a":0,"k":[358.891,457.341],"ix":2},"a":{"a":0,"k":[0,0],"ix":1},"s":{"a":0,"k":[100,100],"ix":3},"r":{"a":0,"k":0,"ix":6},"o":{"a":0,"k":100,"ix":7},"sk":{"a":0,"k":0,"ix":4},"sa":{"a":0,"k":0,"ix":5},"nm":"Transform"}],"nm":"Group 2","np":2,"cix":2,"bm":0,"ix":2,"mn":"ADBE Vector Group","hd":false}],"ip":0,"op":600,"st":0,"bm":0},{"ddd":0,"ind":26,"ty":4,"nm":"Layer 25 Outlines","parent":2,"sr":1,"ks":{"o":{"a":0,"k":100,"ix":11},"r":{"a":1,"k":[{"i":{"x":[0.297],"y":[1]},"o":{"x":[0.641],"y":[0]},"t":0,"s":[45]},{"t":50,"s":[0]}],"ix":10},"p":{"a":1,"k":[{"i":{"x":0.297,"y":1},"o":{"x":0.641,"y":0},"t":0,"s":[-299.902,478.387,0],"to":[0,-23.333,0],"ti":[0,23.333,0]},{"t":50,"s":[-299.902,338.387,0]}],"ix":2},"a":{"a":0,"k":[150.098,788.387,0],"ix":1},"s":{"a":1,"k":[{"i":{"x":[0.375,0.375,0.667],"y":[1,1,1]},"o":{"x":[0.65,0.65,0.333],"y":[0,0,0]},"t":0,"s":[0,0,100]},{"i":{"x":[0.311,0.311,0.667],"y":[1,1,1]},"o":{"x":[0.684,0.684,0.333],"y":[0,0,0]},"t":50,"s":[103,103,100]},{"t":70,"s":[100,100,100]}],"ix":6}},"ao":0,"shapes":[{"ty":"gr","it":[{"ind":0,"ty":"sh","ix":1,"ks":{"a":0,"k":{"i":[[0,0],[11.333,0],[0,0],[0,11.301],[0,0],[-11.329,0],[0,0],[0,-11.329]],"o":[[0,11.301],[0,0],[-11.329,0],[0,0],[0,-11.329],[0,0],[11.333,0],[0,0]],"v":[[208.786,301.91],[188.276,322.375],[-188.275,322.375],[-208.785,301.91],[-208.785,-301.882],[-188.275,-322.375],[188.276,-322.375],[208.786,-301.882]],"c":true},"ix":2},"nm":"Path 1","mn":"ADBE Vector Shape - Group","hd":false},{"ty":"fl","c":{"a":0,"k":[0.156999999402,0.286000001197,0.383999992819,1],"ix":4},"o":{"a":0,"k":100,"ix":5},"r":1,"bm":0,"nm":"Fill 1","mn":"ADBE Vector Graphic - Fill","hd":false},{"ty":"tr","p":{"a":0,"k":[358.883,466.012],"ix":2},"a":{"a":0,"k":[0,0],"ix":1},"s":{"a":0,"k":[100,100],"ix":3},"r":{"a":0,"k":0,"ix":6},"o":{"a":0,"k":100,"ix":7},"sk":{"a":0,"k":0,"ix":4},"sa":{"a":0,"k":0,"ix":5},"nm":"Transform"}],"nm":"Group 1","np":2,"cix":2,"bm":0,"ix":1,"mn":"ADBE Vector Group","hd":false}],"ip":0,"op":600,"st":0,"bm":0}],"markers":[]}